Title,Summary,Description
Database - throws Null Pointer Exception,Database throws Null Pointer Exception,Database: The issue occurs consistently after repeated usage.
Admin Panel - fails after deployment,Admin Panel fails after deployment,Admin Panel: API response exceeds timeout limits.
Cloud Storage - fails after deployment,Cloud Storage fails after deployment,Cloud Storage: Memory consumption continuously increases.
REST API - freezes during operation,REST API freezes during operation,REST API: The problem started after the latest deployment.
Database - crashes unexpectedly,Database crashes unexpectedly,Database: The issue occurs consistently after repeated usage.
Cloud Storage - freezes during operation,Cloud Storage freezes during operation,Cloud Storage: The application becomes unresponsive.
Login - returns HTTP 500,Login returns HTTP 500,Login: Memory consumption continuously increases.
Reports - times out,Reports times out,Reports: API response exceeds timeout limits.
Login - consumes excessive memory,Login consumes excessive memory,Login: The problem started after the latest deployment.
User Profile - throws Null Pointer Exception,User Profile throws Null Pointer Exception,User Profile: System performance degrades significantly.
BERT Model - shows incorrect data,BERT Model shows incorrect data,BERT Model: API response exceeds timeout limits.
REST API - fails to load,REST API fails to load,REST API: The issue is reproducible every time.
Dashboard - fails to load,Dashboard fails to load,Dashboard: The server logs indicate an internal exception.
Database - duplicates records,Database duplicates records,Database: System performance degrades significantly.
Search - fails after deployment,Search fails after deployment,Search: The issue occurs consistently after repeated usage.
Notifications - uses high CPU,Notifications uses high CPU,Notifications: The problem started after the latest deployment.
Authentication - fails to load,Authentication fails to load,Authentication: Memory consumption continuously increases.
Kubernetes - uses high CPU,Kubernetes uses high CPU,Kubernetes: Memory consumption continuously increases.
Notifications - loses session,Notifications loses session,Notifications: System performance degrades significantly.
Dashboard - loses session,Dashboard loses session,Dashboard: System performance degrades significantly.
File Upload - uses high CPU,File Upload uses high CPU,File Upload: API response exceeds timeout limits.
BERT Model - returns HTTP 500,BERT Model returns HTTP 500,BERT Model: Memory consumption continuously increases.
User Profile - shows incorrect data,User Profile shows incorrect data,User Profile: The bug affects production users.
Notifications - consumes excessive memory,Notifications consumes excessive memory,Notifications: The bug affects production users.
Payment Gateway - crashes unexpectedly,Payment Gateway crashes unexpectedly,Payment Gateway: Memory consumption continuously increases.
Payment Gateway - shows incorrect data,Payment Gateway shows incorrect data,Payment Gateway: The bug affects production users.
Login - uses high CPU,Login uses high CPU,Login: API response exceeds timeout limits.
Kubernetes - fails to load,Kubernetes fails to load,Kubernetes: Users cannot complete their workflow.
Reports - fails authentication,Reports fails authentication,Reports: System performance degrades significantly.
File Upload - does not save changes,File Upload does not save changes,File Upload: The server logs indicate an internal exception.
Cloud Storage - freezes during operation,Cloud Storage freezes during operation,Cloud Storage: The bug affects production users.
Email Service - loses session,Email Service loses session,Email Service: The server logs indicate an internal exception.
Machine Learning - times out,Machine Learning times out,Machine Learning: The server logs indicate an internal exception.
Admin Panel - freezes during operation,Admin Panel freezes during operation,Admin Panel: API response exceeds timeout limits.
Docker - fails after deployment,Docker fails after deployment,Docker: Memory consumption continuously increases.
Database - consumes excessive memory,Database consumes excessive memory,Database: The server logs indicate an internal exception.
Admin Panel - fails after deployment,Admin Panel fails after deployment,Admin Panel: The issue occurs consistently after repeated usage.
Reports - duplicates records,Reports duplicates records,Reports: The server logs indicate an internal exception.
Search - shows incorrect data,Search shows incorrect data,Search: The bug affects production users.
Machine Learning - consumes excessive memory,Machine Learning consumes excessive memory,Machine Learning: The bug affects production users.
Machine Learning - fails authentication,Machine Learning fails authentication,Machine Learning: API response exceeds timeout limits.
Payment Gateway - returns HTTP 500,Payment Gateway returns HTTP 500,Payment Gateway: The application becomes unresponsive.
REST API - shows incorrect data,REST API shows incorrect data,REST API: System performance degrades significantly.
REST API - loses session,REST API loses session,REST API: The server logs indicate an internal exception.
REST API - loses session,REST API loses session,REST API: The issue occurs consistently after repeated usage.
Authentication - duplicates records,Authentication duplicates records,Authentication: The bug affects production users.
Kubernetes - fails authentication,Kubernetes fails authentication,Kubernetes: The application becomes unresponsive.
Cloud Storage - fails authentication,Cloud Storage fails authentication,Cloud Storage: The application becomes unresponsive.
REST API - throws Null Pointer Exception,REST API throws Null Pointer Exception,REST API: The server logs indicate an internal exception.
Login - times out,Login times out,Login: Memory consumption continuously increases.
Email Service - shows incorrect data,Email Service shows incorrect data,Email Service: The application becomes unresponsive.
FastAPI - uses high CPU,FastAPI uses high CPU,FastAPI: The problem started after the latest deployment.
Database - returns HTTP 500,Database returns HTTP 500,Database: The application becomes unresponsive.
Login - redirects infinitely,Login redirects infinitely,Login: Memory consumption continuously increases.
Authentication - crashes unexpectedly,Authentication crashes unexpectedly,Authentication: System performance degrades significantly.
Search - shows incorrect data,Search shows incorrect data,Search: The issue occurs consistently after repeated usage.
FastAPI - freezes during operation,FastAPI freezes during operation,FastAPI: The issue occurs consistently after repeated usage.
Notifications - crashes unexpectedly,Notifications crashes unexpectedly,Notifications: The application becomes unresponsive.
FastAPI - uses high CPU,FastAPI uses high CPU,FastAPI: The issue is reproducible every time.
REST API - redirects infinitely,REST API redirects infinitely,REST API: System performance degrades significantly.
Cloud Storage - fails authentication,Cloud Storage fails authentication,Cloud Storage: Users cannot complete their workflow.
Docker - returns HTTP 500,Docker returns HTTP 500,Docker: The application becomes unresponsive.
FastAPI - redirects infinitely,FastAPI redirects infinitely,FastAPI: Memory consumption continuously increases.
Shopping Cart - fails to load,Shopping Cart fails to load,Shopping Cart: The issue occurs consistently after repeated usage.
Machine Learning - returns HTTP 500,Machine Learning returns HTTP 500,Machine Learning: Users cannot complete their workflow.
File Upload - does not save changes,File Upload does not save changes,File Upload: The server logs indicate an internal exception.
Authentication - shows incorrect data,Authentication shows incorrect data,Authentication: The issue occurs consistently after repeated usage.
Reports - fails to load,Reports fails to load,Reports: The bug affects production users.
Email Service - fails after deployment,Email Service fails after deployment,Email Service: The server logs indicate an internal exception.
Database - freezes during operation,Database freezes during operation,Database: The problem started after the latest deployment.
User Profile - redirects infinitely,User Profile redirects infinitely,User Profile: The issue is reproducible every time.
Docker - returns HTTP 500,Docker returns HTTP 500,Docker: The issue is reproducible every time.
Reports - crashes unexpectedly,Reports crashes unexpectedly,Reports: Users cannot complete their workflow.
Machine Learning - redirects infinitely,Machine Learning redirects infinitely,Machine Learning: The issue occurs consistently after repeated usage.
Kubernetes - shows incorrect data,Kubernetes shows incorrect data,Kubernetes: The server logs indicate an internal exception.
Payment Gateway - duplicates records,Payment Gateway duplicates records,Payment Gateway: The issue is reproducible every time.
FastAPI - fails after deployment,FastAPI fails after deployment,FastAPI: The issue is reproducible every time.
Search - redirects infinitely,Search redirects infinitely,Search: The issue is reproducible every time.
User Profile - redirects infinitely,User Profile redirects infinitely,User Profile: Memory consumption continuously increases.
Search - shows incorrect data,Search shows incorrect data,Search: The application becomes unresponsive.
Database - uses high CPU,Database uses high CPU,Database: The issue is reproducible every time.
Database - times out,Database times out,Database: Memory consumption continuously increases.
Notifications - freezes during operation,Notifications freezes during operation,Notifications: The server logs indicate an internal exception.
File Upload - redirects infinitely,File Upload redirects infinitely,File Upload: The problem started after the latest deployment.
Kubernetes - shows incorrect data,Kubernetes shows incorrect data,Kubernetes: The issue occurs consistently after repeated usage.
Notifications - duplicates records,Notifications duplicates records,Notifications: The bug affects production users.
Search - times out,Search times out,Search: The bug affects production users.
Login - throws Null Pointer Exception,Login throws Null Pointer Exception,Login: The server logs indicate an internal exception.
Payment Gateway - fails authentication,Payment Gateway fails authentication,Payment Gateway: The problem started after the latest deployment.
Admin Panel - redirects infinitely,Admin Panel redirects infinitely,Admin Panel: Users cannot complete their workflow.
Docker - does not save changes,Docker does not save changes,Docker: System performance degrades significantly.
FastAPI - duplicates records,FastAPI duplicates records,FastAPI: Memory consumption continuously increases.
Dashboard - times out,Dashboard times out,Dashboard: The application becomes unresponsive.
Cloud Storage - crashes unexpectedly,Cloud Storage crashes unexpectedly,Cloud Storage: The server logs indicate an internal exception.
Machine Learning - fails authentication,Machine Learning fails authentication,Machine Learning: The application becomes unresponsive.
Email Service - fails to load,Email Service fails to load,Email Service: The application becomes unresponsive.
Reports - throws Null Pointer Exception,Reports throws Null Pointer Exception,Reports: API response exceeds timeout limits.
Login - duplicates records,Login duplicates records,Login: API response exceeds timeout limits.
Kubernetes - throws Null Pointer Exception,Kubernetes throws Null Pointer Exception,Kubernetes: API response exceeds timeout limits.
Dashboard - loses session,Dashboard loses session,Dashboard: The application becomes unresponsive.
Kubernetes - uses high CPU,Kubernetes uses high CPU,Kubernetes: System performance degrades significantly.
Email Service - shows incorrect data,Email Service shows incorrect data,Email Service: The application becomes unresponsive.
Reports - fails after deployment,Reports fails after deployment,Reports: The issue is reproducible every time.
FastAPI - duplicates records,FastAPI duplicates records,FastAPI: Memory consumption continuously increases.
Authentication - uses high CPU,Authentication uses high CPU,Authentication: Users cannot complete their workflow.
Payment Gateway - duplicates records,Payment Gateway duplicates records,Payment Gateway: The server logs indicate an internal exception.
Machine Learning - does not save changes,Machine Learning does not save changes,Machine Learning: The application becomes unresponsive.
Payment Gateway - throws Null Pointer Exception,Payment Gateway throws Null Pointer Exception,Payment Gateway: System performance degrades significantly.
Docker - uses high CPU,Docker uses high CPU,Docker: The issue occurs consistently after repeated usage.
Cloud Storage - does not save changes,Cloud Storage does not save changes,Cloud Storage: API response exceeds timeout limits.
Notifications - consumes excessive memory,Notifications consumes excessive memory,Notifications: The issue is reproducible every time.
Email Service - uses high CPU,Email Service uses high CPU,Email Service: The application becomes unresponsive.
Login - returns HTTP 500,Login returns HTTP 500,Login: The application becomes unresponsive.
Login - freezes during operation,Login freezes during operation,Login: Users cannot complete their workflow.
Login - does not save changes,Login does not save changes,Login: The issue is reproducible every time.
Notifications - fails authentication,Notifications fails authentication,Notifications: Users cannot complete their workflow.
Admin Panel - fails to load,Admin Panel fails to load,Admin Panel: The application becomes unresponsive.
Notifications - crashes unexpectedly,Notifications crashes unexpectedly,Notifications: The problem started after the latest deployment.
File Upload - freezes during operation,File Upload freezes during operation,File Upload: System performance degrades significantly.
Search - fails authentication,Search fails authentication,Search: The application becomes unresponsive.
Docker - shows incorrect data,Docker shows incorrect data,Docker: The issue is reproducible every time.
Reports - redirects infinitely,Reports redirects infinitely,Reports: System performance degrades significantly.
Docker - redirects infinitely,Docker redirects infinitely,Docker: The problem started after the latest deployment.
Reports - crashes unexpectedly,Reports crashes unexpectedly,Reports: Memory consumption continuously increases.
Cloud Storage - consumes excessive memory,Cloud Storage consumes excessive memory,Cloud Storage: The application becomes unresponsive.
Kubernetes - crashes unexpectedly,Kubernetes crashes unexpectedly,Kubernetes: Memory consumption continuously increases.
Authentication - fails to load,Authentication fails to load,Authentication: System performance degrades significantly.
Notifications - throws Null Pointer Exception,Notifications throws Null Pointer Exception,Notifications: The bug affects production users.
User Profile - throws Null Pointer Exception,User Profile throws Null Pointer Exception,User Profile: The bug affects production users.
Payment Gateway - fails authentication,Payment Gateway fails authentication,Payment Gateway: Users cannot complete their workflow.
Login - returns HTTP 500,Login returns HTTP 500,Login: System performance degrades significantly.
Docker - redirects infinitely,Docker redirects infinitely,Docker: The issue is reproducible every time.
Login - uses high CPU,Login uses high CPU,Login: The application becomes unresponsive.
BERT Model - fails after deployment,BERT Model fails after deployment,BERT Model: The server logs indicate an internal exception.
Cloud Storage - fails authentication,Cloud Storage fails authentication,Cloud Storage: The issue is reproducible every time.
Authentication - loses session,Authentication loses session,Authentication: The issue is reproducible every time.
Payment Gateway - fails to load,Payment Gateway fails to load,Payment Gateway: The bug affects production users.
Login - fails authentication,Login fails authentication,Login: API response exceeds timeout limits.
Cloud Storage - shows incorrect data,Cloud Storage shows incorrect data,Cloud Storage: Users cannot complete their workflow.
Docker - uses high CPU,Docker uses high CPU,Docker: The problem started after the latest deployment.
Cloud Storage - times out,Cloud Storage times out,Cloud Storage: Memory consumption continuously increases.
File Upload - fails to load,File Upload fails to load,File Upload: API response exceeds timeout limits.
File Upload - times out,File Upload times out,File Upload: The server logs indicate an internal exception.
Shopping Cart - shows incorrect data,Shopping Cart shows incorrect data,Shopping Cart: The problem started after the latest deployment.
Reports - redirects infinitely,Reports redirects infinitely,Reports: System performance degrades significantly.
Kubernetes - consumes excessive memory,Kubernetes consumes excessive memory,Kubernetes: The issue occurs consistently after repeated usage.
Dashboard - crashes unexpectedly,Dashboard crashes unexpectedly,Dashboard: API response exceeds timeout limits.
REST API - loses session,REST API loses session,REST API: The application becomes unresponsive.
Authentication - does not save changes,Authentication does not save changes,Authentication: System performance degrades significantly.
File Upload - uses high CPU,File Upload uses high CPU,File Upload: API response exceeds timeout limits.
User Profile - throws Null Pointer Exception,User Profile throws Null Pointer Exception,User Profile: Users cannot complete their workflow.
Search - fails authentication,Search fails authentication,Search: The issue occurs consistently after repeated usage.
REST API - fails after deployment,REST API fails after deployment,REST API: The issue occurs consistently after repeated usage.
Cloud Storage - times out,Cloud Storage times out,Cloud Storage: The issue is reproducible every time.
REST API - fails authentication,REST API fails authentication,REST API: The server logs indicate an internal exception.
REST API - crashes unexpectedly,REST API crashes unexpectedly,REST API: The issue occurs consistently after repeated usage.
FastAPI - fails to load,FastAPI fails to load,FastAPI: The bug affects production users.
Notifications - freezes during operation,Notifications freezes during operation,Notifications: The issue occurs consistently after repeated usage.
Dashboard - does not save changes,Dashboard does not save changes,Dashboard: The issue is reproducible every time.
Authentication - fails after deployment,Authentication fails after deployment,Authentication: Memory consumption continuously increases.
Dashboard - shows incorrect data,Dashboard shows incorrect data,Dashboard: The problem started after the latest deployment.
Cloud Storage - fails to load,Cloud Storage fails to load,Cloud Storage: The issue is reproducible every time.
Shopping Cart - shows incorrect data,Shopping Cart shows incorrect data,Shopping Cart: Users cannot complete their workflow.
Admin Panel - fails authentication,Admin Panel fails authentication,Admin Panel: The bug affects production users.
File Upload - redirects infinitely,File Upload redirects infinitely,File Upload: The bug affects production users.
Reports - fails after deployment,Reports fails after deployment,Reports: Memory consumption continuously increases.
Admin Panel - uses high CPU,Admin Panel uses high CPU,Admin Panel: API response exceeds timeout limits.
Email Service - times out,Email Service times out,Email Service: API response exceeds timeout limits.
FastAPI - returns HTTP 500,FastAPI returns HTTP 500,FastAPI: The problem started after the latest deployment.
Shopping Cart - throws Null Pointer Exception,Shopping Cart throws Null Pointer Exception,Shopping Cart: The issue is reproducible every time.
Payment Gateway - redirects infinitely,Payment Gateway redirects infinitely,Payment Gateway: The server logs indicate an internal exception.
Shopping Cart - loses session,Shopping Cart loses session,Shopping Cart: The problem started after the latest deployment.
Admin Panel - loses session,Admin Panel loses session,Admin Panel: System performance degrades significantly.
Kubernetes - does not save changes,Kubernetes does not save changes,Kubernetes: The issue occurs consistently after repeated usage.
User Profile - times out,User Profile times out,User Profile: Users cannot complete their workflow.
Admin Panel - redirects infinitely,Admin Panel redirects infinitely,Admin Panel: The issue is reproducible every time.
Login - consumes excessive memory,Login consumes excessive memory,Login: System performance degrades significantly.
REST API - times out,REST API times out,REST API: The issue occurs consistently after repeated usage.
File Upload - redirects infinitely,File Upload redirects infinitely,File Upload: Users cannot complete their workflow.
Docker - consumes excessive memory,Docker consumes excessive memory,Docker: System performance degrades significantly.
Login - uses high CPU,Login uses high CPU,Login: Users cannot complete their workflow.
FastAPI - times out,FastAPI times out,FastAPI: API response exceeds timeout limits.
Docker - fails to load,Docker fails to load,Docker: The issue occurs consistently after repeated usage.
Login - consumes excessive memory,Login consumes excessive memory,Login: The issue occurs consistently after repeated usage.
Login - loses session,Login loses session,Login: The issue is reproducible every time.
User Profile - shows incorrect data,User Profile shows incorrect data,User Profile: The issue is reproducible every time.
Cloud Storage - uses high CPU,Cloud Storage uses high CPU,Cloud Storage: The issue occurs consistently after repeated usage.
Dashboard - fails to load,Dashboard fails to load,Dashboard: The server logs indicate an internal exception.
Notifications - returns HTTP 500,Notifications returns HTTP 500,Notifications: The issue is reproducible every time.
Database - times out,Database times out,Database: Memory consumption continuously increases.
FastAPI - does not save changes,FastAPI does not save changes,FastAPI: The issue occurs consistently after repeated usage.
User Profile - uses high CPU,User Profile uses high CPU,User Profile: Memory consumption continuously increases.
Machine Learning - crashes unexpectedly,Machine Learning crashes unexpectedly,Machine Learning: API response exceeds timeout limits.
Search - times out,Search times out,Search: The application becomes unresponsive.
Notifications - redirects infinitely,Notifications redirects infinitely,Notifications: Memory consumption continuously increases.
Cloud Storage - redirects infinitely,Cloud Storage redirects infinitely,Cloud Storage: The bug affects production users.
Authentication - does not save changes,Authentication does not save changes,Authentication: The issue is reproducible every time.
REST API - throws Null Pointer Exception,REST API throws Null Pointer Exception,REST API: The bug affects production users.
Shopping Cart - crashes unexpectedly,Shopping Cart crashes unexpectedly,Shopping Cart: Memory consumption continuously increases.
Reports - fails to load,Reports fails to load,Reports: System performance degrades significantly.
Cloud Storage - uses high CPU,Cloud Storage uses high CPU,Cloud Storage: Users cannot complete their workflow.
Reports - throws Null Pointer Exception,Reports throws Null Pointer Exception,Reports: The application becomes unresponsive.
BERT Model - consumes excessive memory,BERT Model consumes excessive memory,BERT Model: Memory consumption continuously increases.
File Upload - throws Null Pointer Exception,File Upload throws Null Pointer Exception,File Upload: The server logs indicate an internal exception.
Cloud Storage - does not save changes,Cloud Storage does not save changes,Cloud Storage: The bug affects production users.
BERT Model - throws Null Pointer Exception,BERT Model throws Null Pointer Exception,BERT Model: The issue occurs consistently after repeated usage.
Authentication - loses session,Authentication loses session,Authentication: The problem started after the latest deployment.
Admin Panel - duplicates records,Admin Panel duplicates records,Admin Panel: The problem started after the latest deployment.
Cloud Storage - duplicates records,Cloud Storage duplicates records,Cloud Storage: System performance degrades significantly.
User Profile - duplicates records,User Profile duplicates records,User Profile: The server logs indicate an internal exception.
Shopping Cart - fails after deployment,Shopping Cart fails after deployment,Shopping Cart: The bug affects production users.
REST API - fails authentication,REST API fails authentication,REST API: The issue is reproducible every time.
Notifications - throws Null Pointer Exception,Notifications throws Null Pointer Exception,Notifications: Memory consumption continuously increases.
File Upload - freezes during operation,File Upload freezes during operation,File Upload: System performance degrades significantly.
File Upload - shows incorrect data,File Upload shows incorrect data,File Upload: The server logs indicate an internal exception.
Notifications - throws Null Pointer Exception,Notifications throws Null Pointer Exception,Notifications: The problem started after the latest deployment.
Login - fails authentication,Login fails authentication,Login: API response exceeds timeout limits.
Shopping Cart - shows incorrect data,Shopping Cart shows incorrect data,Shopping Cart: The problem started after the latest deployment.
Cloud Storage - times out,Cloud Storage times out,Cloud Storage: The application becomes unresponsive.
Authentication - duplicates records,Authentication duplicates records,Authentication: The issue is reproducible every time.
Payment Gateway - uses high CPU,Payment Gateway uses high CPU,Payment Gateway: The issue occurs consistently after repeated usage.
REST API - fails after deployment,REST API fails after deployment,REST API: The issue occurs consistently after repeated usage.
Cloud Storage - returns HTTP 500,Cloud Storage returns HTTP 500,Cloud Storage: Users cannot complete their workflow.
Docker - times out,Docker times out,Docker: The issue occurs consistently after repeated usage.
Search - does not save changes,Search does not save changes,Search: System performance degrades significantly.
REST API - redirects infinitely,REST API redirects infinitely,REST API: The application becomes unresponsive.
Notifications - does not save changes,Notifications does not save changes,Notifications: The application becomes unresponsive.
FastAPI - redirects infinitely,FastAPI redirects infinitely,FastAPI: The issue occurs consistently after repeated usage.
FastAPI - fails after deployment,FastAPI fails after deployment,FastAPI: System performance degrades significantly.
Authentication - freezes during operation,Authentication freezes during operation,Authentication: System performance degrades significantly.
Shopping Cart - consumes excessive memory,Shopping Cart consumes excessive memory,Shopping Cart: The issue is reproducible every time.
FastAPI - times out,FastAPI times out,FastAPI: The server logs indicate an internal exception.
Cloud Storage - loses session,Cloud Storage loses session,Cloud Storage: API response exceeds timeout limits.
Shopping Cart - times out,Shopping Cart times out,Shopping Cart: The issue is reproducible every time.
Shopping Cart - freezes during operation,Shopping Cart freezes during operation,Shopping Cart: Users cannot complete their workflow.
Authentication - throws Null Pointer Exception,Authentication throws Null Pointer Exception,Authentication: The application becomes unresponsive.
Authentication - returns HTTP 500,Authentication returns HTTP 500,Authentication: The application becomes unresponsive.
User Profile - shows incorrect data,User Profile shows incorrect data,User Profile: The problem started after the latest deployment.
REST API - freezes during operation,REST API freezes during operation,REST API: The bug affects production users.
Database - shows incorrect data,Database shows incorrect data,Database: The issue occurs consistently after repeated usage.
FastAPI - fails to load,FastAPI fails to load,FastAPI: The bug affects production users.
Payment Gateway - throws Null Pointer Exception,Payment Gateway throws Null Pointer Exception,Payment Gateway: System performance degrades significantly.
Payment Gateway - consumes excessive memory,Payment Gateway consumes excessive memory,Payment Gateway: The application becomes unresponsive.
Docker - returns HTTP 500,Docker returns HTTP 500,Docker: Memory consumption continuously increases.
Dashboard - fails authentication,Dashboard fails authentication,Dashboard: The issue occurs consistently after repeated usage.
User Profile - fails after deployment,User Profile fails after deployment,User Profile: The problem started after the latest deployment.
Database - does not save changes,Database does not save changes,Database: The bug affects production users.
Docker - duplicates records,Docker duplicates records,Docker: The application becomes unresponsive.
Admin Panel - fails authentication,Admin Panel fails authentication,Admin Panel: Users cannot complete their workflow.
Payment Gateway - fails to load,Payment Gateway fails to load,Payment Gateway: The bug affects production users.
File Upload - shows incorrect data,File Upload shows incorrect data,File Upload: The problem started after the latest deployment.
Payment Gateway - throws Null Pointer Exception,Payment Gateway throws Null Pointer Exception,Payment Gateway: System performance degrades significantly.
File Upload - returns HTTP 500,File Upload returns HTTP 500,File Upload: The issue is reproducible every time.
Kubernetes - shows incorrect data,Kubernetes shows incorrect data,Kubernetes: The server logs indicate an internal exception.
Payment Gateway - fails authentication,Payment Gateway fails authentication,Payment Gateway: The issue occurs consistently after repeated usage.
Search - crashes unexpectedly,Search crashes unexpectedly,Search: The problem started after the latest deployment.
Login - throws Null Pointer Exception,Login throws Null Pointer Exception,Login: The server logs indicate an internal exception.
Admin Panel - consumes excessive memory,Admin Panel consumes excessive memory,Admin Panel: The problem started after the latest deployment.
Dashboard - uses high CPU,Dashboard uses high CPU,Dashboard: The server logs indicate an internal exception.
FastAPI - fails after deployment,FastAPI fails after deployment,FastAPI: The application becomes unresponsive.
Payment Gateway - shows incorrect data,Payment Gateway shows incorrect data,Payment Gateway: The bug affects production users.
Email Service - consumes excessive memory,Email Service consumes excessive memory,Email Service: The server logs indicate an internal exception.
Dashboard - crashes unexpectedly,Dashboard crashes unexpectedly,Dashboard: System performance degrades significantly.
Payment Gateway - redirects infinitely,Payment Gateway redirects infinitely,Payment Gateway: The server logs indicate an internal exception.
Kubernetes - fails authentication,Kubernetes fails authentication,Kubernetes: The application becomes unresponsive.
Admin Panel - does not save changes,Admin Panel does not save changes,Admin Panel: The problem started after the latest deployment.
Dashboard - loses session,Dashboard loses session,Dashboard: API response exceeds timeout limits.
Reports - shows incorrect data,Reports shows incorrect data,Reports: The server logs indicate an internal exception.
Shopping Cart - freezes during operation,Shopping Cart freezes during operation,Shopping Cart: The application becomes unresponsive.
Database - duplicates records,Database duplicates records,Database: Users cannot complete their workflow.
BERT Model - fails authentication,BERT Model fails authentication,BERT Model: Memory consumption continuously increases.
Database - throws Null Pointer Exception,Database throws Null Pointer Exception,Database: The application becomes unresponsive.
Admin Panel - fails authentication,Admin Panel fails authentication,Admin Panel: The bug affects production users.
FastAPI - freezes during operation,FastAPI freezes during operation,FastAPI: The server logs indicate an internal exception.
BERT Model - throws Null Pointer Exception,BERT Model throws Null Pointer Exception,BERT Model: The issue is reproducible every time.
Docker - throws Null Pointer Exception,Docker throws Null Pointer Exception,Docker: System performance degrades significantly.
Cloud Storage - crashes unexpectedly,Cloud Storage crashes unexpectedly,Cloud Storage: The bug affects production users.
Cloud Storage - shows incorrect data,Cloud Storage shows incorrect data,Cloud Storage: The application becomes unresponsive.
Shopping Cart - returns HTTP 500,Shopping Cart returns HTTP 500,Shopping Cart: The bug affects production users.
Machine Learning - fails after deployment,Machine Learning fails after deployment,Machine Learning: System performance degrades significantly.
REST API - does not save changes,REST API does not save changes,REST API: Users cannot complete their workflow.
Kubernetes - duplicates records,Kubernetes duplicates records,Kubernetes: The issue is reproducible every time.
Database - loses session,Database loses session,Database: The server logs indicate an internal exception.
Payment Gateway - fails after deployment,Payment Gateway fails after deployment,Payment Gateway: API response exceeds timeout limits.
FastAPI - crashes unexpectedly,FastAPI crashes unexpectedly,FastAPI: The issue occurs consistently after repeated usage.
Machine Learning - redirects infinitely,Machine Learning redirects infinitely,Machine Learning: The application becomes unresponsive.
Reports - redirects infinitely,Reports redirects infinitely,Reports: The issue occurs consistently after repeated usage.
REST API - duplicates records,REST API duplicates records,REST API: The bug affects production users.
Search - times out,Search times out,Search: The issue occurs consistently after repeated usage.
Kubernetes - loses session,Kubernetes loses session,Kubernetes: The problem started after the latest deployment.
Cloud Storage - uses high CPU,Cloud Storage uses high CPU,Cloud Storage: System performance degrades significantly.
Docker - loses session,Docker loses session,Docker: The bug affects production users.
Reports - uses high CPU,Reports uses high CPU,Reports: The issue is reproducible every time.
User Profile - uses high CPU,User Profile uses high CPU,User Profile: The server logs indicate an internal exception.
REST API - does not save changes,REST API does not save changes,REST API: Memory consumption continuously increases.
Reports - consumes excessive memory,Reports consumes excessive memory,Reports: API response exceeds timeout limits.
Machine Learning - throws Null Pointer Exception,Machine Learning throws Null Pointer Exception,Machine Learning: The application becomes unresponsive.
Machine Learning - uses high CPU,Machine Learning uses high CPU,Machine Learning: System performance degrades significantly.
Cloud Storage - does not save changes,Cloud Storage does not save changes,Cloud Storage: The server logs indicate an internal exception.
Docker - consumes excessive memory,Docker consumes excessive memory,Docker: Users cannot complete their workflow.
Database - fails after deployment,Database fails after deployment,Database: The application becomes unresponsive.
Email Service - loses session,Email Service loses session,Email Service: The issue is reproducible every time.
Payment Gateway - returns HTTP 500,Payment Gateway returns HTTP 500,Payment Gateway: The problem started after the latest deployment.
Kubernetes - crashes unexpectedly,Kubernetes crashes unexpectedly,Kubernetes: The server logs indicate an internal exception.
Search - times out,Search times out,Search: The server logs indicate an internal exception.
Docker - does not save changes,Docker does not save changes,Docker: The server logs indicate an internal exception.
Shopping Cart - fails authentication,Shopping Cart fails authentication,Shopping Cart: System performance degrades significantly.
BERT Model - throws Null Pointer Exception,BERT Model throws Null Pointer Exception,BERT Model: The bug affects production users.
FastAPI - fails after deployment,FastAPI fails after deployment,FastAPI: API response exceeds timeout limits.
Notifications - crashes unexpectedly,Notifications crashes unexpectedly,Notifications: The issue is reproducible every time.
Reports - shows incorrect data,Reports shows incorrect data,Reports: Memory consumption continuously increases.
Email Service - shows incorrect data,Email Service shows incorrect data,Email Service: The problem started after the latest deployment.
FastAPI - times out,FastAPI times out,FastAPI: The issue occurs consistently after repeated usage.
Machine Learning - crashes unexpectedly,Machine Learning crashes unexpectedly,Machine Learning: The issue is reproducible every time.
Notifications - crashes unexpectedly,Notifications crashes unexpectedly,Notifications: The issue occurs consistently after repeated usage.
Payment Gateway - consumes excessive memory,Payment Gateway consumes excessive memory,Payment Gateway: The bug affects production users.
Dashboard - consumes excessive memory,Dashboard consumes excessive memory,Dashboard: Memory consumption continuously increases.
Admin Panel - fails to load,Admin Panel fails to load,Admin Panel: Memory consumption continuously increases.
Docker - throws Null Pointer Exception,Docker throws Null Pointer Exception,Docker: The issue is reproducible every time.
Login - shows incorrect data,Login shows incorrect data,Login: The issue is reproducible every time.
User Profile - uses high CPU,User Profile uses high CPU,User Profile: Users cannot complete their workflow.
Dashboard - consumes excessive memory,Dashboard consumes excessive memory,Dashboard: The bug affects production users.
File Upload - fails authentication,File Upload fails authentication,File Upload: The server logs indicate an internal exception.
FastAPI - crashes unexpectedly,FastAPI crashes unexpectedly,FastAPI: The issue occurs consistently after repeated usage.
Kubernetes - shows incorrect data,Kubernetes shows incorrect data,Kubernetes: API response exceeds timeout limits.
REST API - throws Null Pointer Exception,REST API throws Null Pointer Exception,REST API: Memory consumption continuously increases.
User Profile - shows incorrect data,User Profile shows incorrect data,User Profile: Users cannot complete their workflow.
Database - fails authentication,Database fails authentication,Database: The issue is reproducible every time.
Database - times out,Database times out,Database: Users cannot complete their workflow.
FastAPI - shows incorrect data,FastAPI shows incorrect data,FastAPI: The issue occurs consistently after repeated usage.
Email Service - fails to load,Email Service fails to load,Email Service: The problem started after the latest deployment.
Search - throws Null Pointer Exception,Search throws Null Pointer Exception,Search: The issue occurs consistently after repeated usage.
Admin Panel - fails to load,Admin Panel fails to load,Admin Panel: The problem started after the latest deployment.
Shopping Cart - throws Null Pointer Exception,Shopping Cart throws Null Pointer Exception,Shopping Cart: Users cannot complete their workflow.
Docker - freezes during operation,Docker freezes during operation,Docker: System performance degrades significantly.
Machine Learning - uses high CPU,Machine Learning uses high CPU,Machine Learning: The issue is reproducible every time.
Search - shows incorrect data,Search shows incorrect data,Search: API response exceeds timeout limits.
Machine Learning - returns HTTP 500,Machine Learning returns HTTP 500,Machine Learning: Users cannot complete their workflow.
Docker - returns HTTP 500,Docker returns HTTP 500,Docker: The application becomes unresponsive.
Cloud Storage - fails authentication,Cloud Storage fails authentication,Cloud Storage: API response exceeds timeout limits.
FastAPI - crashes unexpectedly,FastAPI crashes unexpectedly,FastAPI: The issue occurs consistently after repeated usage.
Cloud Storage - fails after deployment,Cloud Storage fails after deployment,Cloud Storage: The issue occurs consistently after repeated usage.
Database - does not save changes,Database does not save changes,Database: The server logs indicate an internal exception.
Machine Learning - redirects infinitely,Machine Learning redirects infinitely,Machine Learning: The server logs indicate an internal exception.
FastAPI - shows incorrect data,FastAPI shows incorrect data,FastAPI: Memory consumption continuously increases.
Shopping Cart - consumes excessive memory,Shopping Cart consumes excessive memory,Shopping Cart: The issue is reproducible every time.
Search - fails after deployment,Search fails after deployment,Search: The server logs indicate an internal exception.
Shopping Cart - consumes excessive memory,Shopping Cart consumes excessive memory,Shopping Cart: The issue is reproducible every time.
Machine Learning - duplicates records,Machine Learning duplicates records,Machine Learning: Users cannot complete their workflow.
Notifications - duplicates records,Notifications duplicates records,Notifications: The server logs indicate an internal exception.
Shopping Cart - redirects infinitely,Shopping Cart redirects infinitely,Shopping Cart: Users cannot complete their workflow.
Database - throws Null Pointer Exception,Database throws Null Pointer Exception,Database: The bug affects production users.
Reports - shows incorrect data,Reports shows incorrect data,Reports: The application becomes unresponsive.
Kubernetes - fails after deployment,Kubernetes fails after deployment,Kubernetes: The bug affects production users.
User Profile - throws Null Pointer Exception,User Profile throws Null Pointer Exception,User Profile: Memory consumption continuously increases.
Email Service - fails authentication,Email Service fails authentication,Email Service: The problem started after the latest deployment.
Cloud Storage - times out,Cloud Storage times out,Cloud Storage: The issue is reproducible every time.
Email Service - fails to load,Email Service fails to load,Email Service: The problem started after the latest deployment.
Kubernetes - fails to load,Kubernetes fails to load,Kubernetes: The application becomes unresponsive.
Database - uses high CPU,Database uses high CPU,Database: The bug affects production users.
Database - returns HTTP 500,Database returns HTTP 500,Database: The issue occurs consistently after repeated usage.
Database - freezes during operation,Database freezes during operation,Database: API response exceeds timeout limits.
BERT Model - throws Null Pointer Exception,BERT Model throws Null Pointer Exception,BERT Model: Users cannot complete their workflow.
Kubernetes - loses session,Kubernetes loses session,Kubernetes: API response exceeds timeout limits.
Shopping Cart - fails after deployment,Shopping Cart fails after deployment,Shopping Cart: System performance degrades significantly.
Email Service - fails to load,Email Service fails to load,Email Service: The bug affects production users.
Email Service - times out,Email Service times out,Email Service: The issue is reproducible every time.
Search - fails to load,Search fails to load,Search: Users cannot complete their workflow.
Search - times out,Search times out,Search: Users cannot complete their workflow.
Payment Gateway - duplicates records,Payment Gateway duplicates records,Payment Gateway: API response exceeds timeout limits.
File Upload - times out,File Upload times out,File Upload: System performance degrades significantly.
Notifications - throws Null Pointer Exception,Notifications throws Null Pointer Exception,Notifications: Memory consumption continuously increases.
Machine Learning - crashes unexpectedly,Machine Learning crashes unexpectedly,Machine Learning: The problem started after the latest deployment.
Cloud Storage - shows incorrect data,Cloud Storage shows incorrect data,Cloud Storage: The bug affects production users.
FastAPI - does not save changes,FastAPI does not save changes,FastAPI: The issue occurs consistently after repeated usage.
Email Service - returns HTTP 500,Email Service returns HTTP 500,Email Service: API response exceeds timeout limits.
File Upload - uses high CPU,File Upload uses high CPU,File Upload: Users cannot complete their workflow.
File Upload - returns HTTP 500,File Upload returns HTTP 500,File Upload: The server logs indicate an internal exception.
File Upload - crashes unexpectedly,File Upload crashes unexpectedly,File Upload: Memory consumption continuously increases.
Admin Panel - duplicates records,Admin Panel duplicates records,Admin Panel: The problem started after the latest deployment.
File Upload - consumes excessive memory,File Upload consumes excessive memory,File Upload: The problem started after the latest deployment.
Dashboard - consumes excessive memory,Dashboard consumes excessive memory,Dashboard: The problem started after the latest deployment.
Docker - does not save changes,Docker does not save changes,Docker: The problem started after the latest deployment.
Kubernetes - uses high CPU,Kubernetes uses high CPU,Kubernetes: Memory consumption continuously increases.
FastAPI - duplicates records,FastAPI duplicates records,FastAPI: The problem started after the latest deployment.
Dashboard - does not save changes,Dashboard does not save changes,Dashboard: API response exceeds timeout limits.
Shopping Cart - uses high CPU,Shopping Cart uses high CPU,Shopping Cart: The issue occurs consistently after repeated usage.
Shopping Cart - uses high CPU,Shopping Cart uses high CPU,Shopping Cart: API response exceeds timeout limits.
File Upload - fails authentication,File Upload fails authentication,File Upload: System performance degrades significantly.
Search - freezes during operation,Search freezes during operation,Search: The issue is reproducible every time.
Machine Learning - freezes during operation,Machine Learning freezes during operation,Machine Learning: The issue occurs consistently after repeated usage.
FastAPI - fails authentication,FastAPI fails authentication,FastAPI: Users cannot complete their workflow.
Dashboard - freezes during operation,Dashboard freezes during operation,Dashboard: The server logs indicate an internal exception.
Docker - fails authentication,Docker fails authentication,Docker: System performance degrades significantly.
Payment Gateway - shows incorrect data,Payment Gateway shows incorrect data,Payment Gateway: The bug affects production users.
Email Service - uses high CPU,Email Service uses high CPU,Email Service: The problem started after the latest deployment.
BERT Model - duplicates records,BERT Model duplicates records,BERT Model: System performance degrades significantly.
Kubernetes - fails authentication,Kubernetes fails authentication,Kubernetes: The server logs indicate an internal exception.
Database - shows incorrect data,Database shows incorrect data,Database: The server logs indicate an internal exception.
REST API - fails after deployment,REST API fails after deployment,REST API: Users cannot complete their workflow.
Docker - uses high CPU,Docker uses high CPU,Docker: System performance degrades significantly.
Notifications - fails authentication,Notifications fails authentication,Notifications: The server logs indicate an internal exception.
Database - throws Null Pointer Exception,Database throws Null Pointer Exception,Database: Memory consumption continuously increases.
Authentication - consumes excessive memory,Authentication consumes excessive memory,Authentication: The server logs indicate an internal exception.
Reports - consumes excessive memory,Reports consumes excessive memory,Reports: The server logs indicate an internal exception.
Docker - crashes unexpectedly,Docker crashes unexpectedly,Docker: Users cannot complete their workflow.
Payment Gateway - crashes unexpectedly,Payment Gateway crashes unexpectedly,Payment Gateway: The bug affects production users.
Authentication - uses high CPU,Authentication uses high CPU,Authentication: The application becomes unresponsive.
Reports - throws Null Pointer Exception,Reports throws Null Pointer Exception,Reports: System performance degrades significantly.
Reports - loses session,Reports loses session,Reports: API response exceeds timeout limits.
Shopping Cart - does not save changes,Shopping Cart does not save changes,Shopping Cart: The issue occurs consistently after repeated usage.
Payment Gateway - shows incorrect data,Payment Gateway shows incorrect data,Payment Gateway: Memory consumption continuously increases.
Cloud Storage - shows incorrect data,Cloud Storage shows incorrect data,Cloud Storage: The issue occurs consistently after repeated usage.
Authentication - fails after deployment,Authentication fails after deployment,Authentication: API response exceeds timeout limits.
Cloud Storage - times out,Cloud Storage times out,Cloud Storage: The server logs indicate an internal exception.
User Profile - fails to load,User Profile fails to load,User Profile: The server logs indicate an internal exception.
Payment Gateway - fails to load,Payment Gateway fails to load,Payment Gateway: The bug affects production users.
Login - crashes unexpectedly,Login crashes unexpectedly,Login: The issue is reproducible every time.
FastAPI - uses high CPU,FastAPI uses high CPU,FastAPI: Users cannot complete their workflow.
Reports - consumes excessive memory,Reports consumes excessive memory,Reports: Users cannot complete their workflow.
Payment Gateway - throws Null Pointer Exception,Payment Gateway throws Null Pointer Exception,Payment Gateway: The application becomes unresponsive.
Notifications - duplicates records,Notifications duplicates records,Notifications: The problem started after the latest deployment.
Cloud Storage - fails authentication,Cloud Storage fails authentication,Cloud Storage: Memory consumption continuously increases.
Search - fails to load,Search fails to load,Search: The bug affects production users.
Payment Gateway - shows incorrect data,Payment Gateway shows incorrect data,Payment Gateway: The issue is reproducible every time.
Reports - fails after deployment,Reports fails after deployment,Reports: API response exceeds timeout limits.
Reports - fails after deployment,Reports fails after deployment,Reports: The bug affects production users.
Notifications - fails after deployment,Notifications fails after deployment,Notifications: The problem started after the latest deployment.
Search - duplicates records,Search duplicates records,Search: The bug affects production users.
Kubernetes - freezes during operation,Kubernetes freezes during operation,Kubernetes: The bug affects production users.
Reports - fails after deployment,Reports fails after deployment,Reports: Users cannot complete their workflow.
Login - returns HTTP 500,Login returns HTTP 500,Login: Users cannot complete their workflow.
Login - fails after deployment,Login fails after deployment,Login: The problem started after the latest deployment.
BERT Model - consumes excessive memory,BERT Model consumes excessive memory,BERT Model: The issue is reproducible every time.
Dashboard - loses session,Dashboard loses session,Dashboard: System performance degrades significantly.
Search - freezes during operation,Search freezes during operation,Search: The problem started after the latest deployment.
Email Service - consumes excessive memory,Email Service consumes excessive memory,Email Service: The bug affects production users.
BERT Model - crashes unexpectedly,BERT Model crashes unexpectedly,BERT Model: The server logs indicate an internal exception.
Machine Learning - duplicates records,Machine Learning duplicates records,Machine Learning: Memory consumption continuously increases.
Dashboard - duplicates records,Dashboard duplicates records,Dashboard: The problem started after the latest deployment.
Database - duplicates records,Database duplicates records,Database: The issue is reproducible every time.
REST API - fails authentication,REST API fails authentication,REST API: Memory consumption continuously increases.
Kubernetes - crashes unexpectedly,Kubernetes crashes unexpectedly,Kubernetes: The bug affects production users.
Dashboard - redirects infinitely,Dashboard redirects infinitely,Dashboard: API response exceeds timeout limits.
BERT Model - fails to load,BERT Model fails to load,BERT Model: System performance degrades significantly.
Authentication - returns HTTP 500,Authentication returns HTTP 500,Authentication: The problem started after the latest deployment.
Machine Learning - does not save changes,Machine Learning does not save changes,Machine Learning: The application becomes unresponsive.
Cloud Storage - times out,Cloud Storage times out,Cloud Storage: The server logs indicate an internal exception.
Dashboard - loses session,Dashboard loses session,Dashboard: The application becomes unresponsive.
File Upload - fails after deployment,File Upload fails after deployment,File Upload: System performance degrades significantly.
Admin Panel - fails authentication,Admin Panel fails authentication,Admin Panel: System performance degrades significantly.
FastAPI - duplicates records,FastAPI duplicates records,FastAPI: The bug affects production users.
Docker - uses high CPU,Docker uses high CPU,Docker: The issue is reproducible every time.
Notifications - times out,Notifications times out,Notifications: The problem started after the latest deployment.
REST API - returns HTTP 500,REST API returns HTTP 500,REST API: Users cannot complete their workflow.
Notifications - crashes unexpectedly,Notifications crashes unexpectedly,Notifications: API response exceeds timeout limits.
Cloud Storage - returns HTTP 500,Cloud Storage returns HTTP 500,Cloud Storage: The bug affects production users.
Cloud Storage - freezes during operation,Cloud Storage freezes during operation,Cloud Storage: The application becomes unresponsive.
Database - consumes excessive memory,Database consumes excessive memory,Database: The issue is reproducible every time.
Shopping Cart - returns HTTP 500,Shopping Cart returns HTTP 500,Shopping Cart: The server logs indicate an internal exception.
Database - crashes unexpectedly,Database crashes unexpectedly,Database: Users cannot complete their workflow.
User Profile - duplicates records,User Profile duplicates records,User Profile: The issue is reproducible every time.
Machine Learning - consumes excessive memory,Machine Learning consumes excessive memory,Machine Learning: The application becomes unresponsive.
Admin Panel - shows incorrect data,Admin Panel shows incorrect data,Admin Panel: The issue occurs consistently after repeated usage.
Authentication - loses session,Authentication loses session,Authentication: System performance degrades significantly.
Admin Panel - returns HTTP 500,Admin Panel returns HTTP 500,Admin Panel: The problem started after the latest deployment.
Machine Learning - consumes excessive memory,Machine Learning consumes excessive memory,Machine Learning: Memory consumption continuously increases.
Authentication - duplicates records,Authentication duplicates records,Authentication: System performance degrades significantly.
Database - loses session,Database loses session,Database: The issue occurs consistently after repeated usage.
Dashboard - fails authentication,Dashboard fails authentication,Dashboard: Users cannot complete their workflow.
Login - times out,Login times out,Login: The problem started after the latest deployment.
Docker - times out,Docker times out,Docker: The application becomes unresponsive.
Dashboard - consumes excessive memory,Dashboard consumes excessive memory,Dashboard: Users cannot complete their workflow.
Shopping Cart - fails authentication,Shopping Cart fails authentication,Shopping Cart: Users cannot complete their workflow.
Email Service - uses high CPU,Email Service uses high CPU,Email Service: The application becomes unresponsive.
Search - times out,Search times out,Search: The application becomes unresponsive.
Notifications - fails after deployment,Notifications fails after deployment,Notifications: Users cannot complete their workflow.
FastAPI - fails to load,FastAPI fails to load,FastAPI: The server logs indicate an internal exception.
Authentication - loses session,Authentication loses session,Authentication: The application becomes unresponsive.
User Profile - fails authentication,User Profile fails authentication,User Profile: System performance degrades significantly.
BERT Model - redirects infinitely,BERT Model redirects infinitely,BERT Model: Memory consumption continuously increases.
Dashboard - does not save changes,Dashboard does not save changes,Dashboard: The application becomes unresponsive.
Payment Gateway - consumes excessive memory,Payment Gateway consumes excessive memory,Payment Gateway: The issue is reproducible every time.
User Profile - fails authentication,User Profile fails authentication,User Profile: Memory consumption continuously increases.
Database - fails to load,Database fails to load,Database: The server logs indicate an internal exception.
Reports - loses session,Reports loses session,Reports: The issue is reproducible every time.
Authentication - times out,Authentication times out,Authentication: The issue is reproducible every time.
Kubernetes - freezes during operation,Kubernetes freezes during operation,Kubernetes: System performance degrades significantly.
Search - crashes unexpectedly,Search crashes unexpectedly,Search: Users cannot complete their workflow.
Login - fails after deployment,Login fails after deployment,Login: The issue occurs consistently after repeated usage.
Database - crashes unexpectedly,Database crashes unexpectedly,Database: API response exceeds timeout limits.
Admin Panel - times out,Admin Panel times out,Admin Panel: The issue occurs consistently after repeated usage.
REST API - fails authentication,REST API fails authentication,REST API: Memory consumption continuously increases.
Email Service - fails authentication,Email Service fails authentication,Email Service: Memory consumption continuously increases.
Database - shows incorrect data,Database shows incorrect data,Database: The server logs indicate an internal exception.
REST API - consumes excessive memory,REST API consumes excessive memory,REST API: The server logs indicate an internal exception.
Cloud Storage - fails after deployment,Cloud Storage fails after deployment,Cloud Storage: The bug affects production users.
Admin Panel - consumes excessive memory,Admin Panel consumes excessive memory,Admin Panel: The bug affects production users.
Docker - redirects infinitely,Docker redirects infinitely,Docker: The bug affects production users.
Admin Panel - freezes during operation,Admin Panel freezes during operation,Admin Panel: The server logs indicate an internal exception.
Title,Summary,Description
"Spelling Mistake on Registration Page","Minor spelling mistake in user registration form","There is a minor spelling mistake in the title of the user registration page. It says 'Regestration' instead of 'Registration'."
"Footer Logo Pixelated","Company logo appears pixelated in email footer","The company logo in the email footer appears slightly pixelated on high-resolution screens and needs a higher resolution asset."
"Grammar Error in Welcome Message","Welcome message has a minor grammar typo","Grammar error found in the welcome message: it says 'your' instead of 'you are' when a user signs in."
"Login Button Mobile Layout Overlap","Login button overlaps text box on smaller screens","The login button slightly overlaps with the password text box when viewed on mobile screens, making it look cramped."
"Dark Mode Switch Hitch","Dark mode graphic does not change state properly","The dark mode toggle switch icon stays stuck on the moon graphic even when light mode is activated, though colors change."
"Navigation Menu Z-Index Issue","Navigation menu hides behind video element","The main navigation menu temporarily hides behind the video player element when scrolling down the homepage."
"Dashboard Layout Misalignment","The table columns are misaligned on tablet views","The table columns on the analytics dashboard are slightly misaligned on iPad devices, causing horizontal text overflowing past the borders of the container box."
"Missing Button Hover Effect","Profile picture upload button is missing its animation","The profile picture upload widget is missing its hover animation effect. The cursor changes but the button layout doesn't shade dynamically."
"Critical Login Crash","Application freezes and crashes on login attempt","The application crashes unexpectedly right after entering credentials on the login screen, triggering an infinite loading loop."
"Payment Gateway Blocked","Payment gateway completely unavailable during checkout","Users are completely unable to complete purchases. The payment checkout container times out immediately and throws a critical system failure error."
Title,Summary,Description
"Scenario 1: Critical Blocker","Application crashes immediately on startup","The application completely freezes and crashes unexpectedly right after launching the splash screen on iOS and Android devices."
"Scenario 2: Major Failure","Core search functionality is completely broken","The main search bar filters return a 404 page and the form submit button is missing when trying to look up system records."
"Scenario 3: Minor Layout Bug","Dashboard layout alignment and overlapping text","The table columns on the main dashboard layout have a severe misalignment issue where text elements are overlapping on tablet screens."
"Scenario 4: Trivial Cosmetic","Spelling mistake and typo on login banner","There is a minor spelling mistake and typo in the welcome text header. The word receipt is misspelled on the user banner."